16,-0.014339047,1.2404567,-0.094124615,-0.041051846,0.014211669,-0.048202317,0.99789244
50,-0.014598443,1.2402467,-0.09460338,-0.04048556,0.014447421,-0.048000883,0.9979219
83,-0.014618204,1.2401669,-0.09401762,-0.040252663,0.012901138,-0.047965895,0.9979542
118,-0.014820233,1.2398381,-0.09356071,-0.040241472,0.011442051,-0.04773586,0.99798346
153,-0.014612345,1.2399216,-0.09438234,-0.040280484,0.01212968,-0.047467645,0.99798656
188,-0.0145820575,1.2397449,-0.094884336,-0.04070072,0.013423758,-0.048846815,0.99788636
223,-0.014367904,1.2396115,-0.095097415,-0.041407414,0.014771205,-0.04976928,0.9977927
257,-0.014296532,1.2403748,-0.09484219,-0.041133307,0.014331668,-0.04893836,0.99785155
292,-0.014476327,1.2413878,-0.094478056,-0.04136579,0.013305951,-0.048976444,0.9978543
326,-0.014818792,1.2421076,-0.09410459,-0.041607648,0.012096495,-0.048299115,0.9978926
359,-0.015519366,1.2422383,-0.09333364,-0.041480735,0.011363763,-0.048184175,0.99791205
394,-0.015837584,1.242393,-0.09202387,-0.04238382,0.009545764,-0.049673956,0.99782014
430,-0.015839403,1.2430843,-0.092404336,-0.04202153,0.009262973,-0.0490923,0.99786687
464,-0.015503654,1.2433598,-0.09232682,-0.041780856,0.00850007,-0.0492158,0.9978777
499,-0.015224151,1.2433046,-0.092690825,-0.042040482,0.008316244,-0.049347587,0.99786186
534,-0.014971503,1.2424814,-0.092742495,-0.041656543,0.008929314,-0.049021047,0.99788874
569,-0.014719089,1.2417684,-0.09119438,-0.041842505,0.009216455,-0.050978523,0.99778026
603,-0.014353262,1.2413989,-0.09120867,-0.040715285,0.009450296,-0.05131115,0.9978077
637,-0.014769784,1.2411118,-0.0904812,-0.03963836,0.009697454,-0.05067877,0.997881
672,-0.013971987,1.2420442,-0.09003846,-0.04035303,0.0088850185,-0.048450053,0.9979706
706,-0.013544048,1.2427206,-0.089761995,-0.04036907,0.008513116,-0.04745178,0.9980211
741,-0.012678037,1.2442223,-0.08944183,-0.03995698,0.008579696,-0.045369674,0.99813396
776,-0.012139474,1.2455764,-0.08916493,-0.041612923,0.008383915,-0.04456976,0.99810404
812,-0.011436276,1.2465317,-0.08886553,-0.041498907,0.008450463,-0.044463035,0.998113
847,-0.010258225,1.2478437,-0.088734716,-0.04244511,0.008823722,-0.044294495,0.99807745
881,-0.009412879,1.2487183,-0.08870514,-0.04371927,0.009734153,-0.044802207,0.9979913
915,-0.008242361,1.2496104,-0.088915996,-0.044080507,0.0109138265,-0.045577433,0.9979281
949,-0.0068311663,1.2506198,-0.08947092,-0.046125874,0.012013529,-0.0465028,0.9977803
983,-0.005457599,1.2518625,-0.08969448,-0.046418503,0.012013549,-0.046759192,0.99775475
1018,-0.0049239704,1.2521031,-0.089972295,-0.04652425,0.012736655,-0.04748056,0.99770683
1052,-0.00404286,1.2525315,-0.09029033,-0.04732108,0.012614566,-0.047748365,0.9976581
1087,-0.0038482882,1.2522713,-0.09045084,-0.047021497,0.012384523,-0.04875599,0.9976264
1121,-0.0032892874,1.2525016,-0.090346724,-0.047259897,0.012011671,-0.049340583,0.99759096
1156,-0.0027018301,1.2525438,-0.090675235,-0.04688234,0.011722723,-0.049149323,0.99762166
1191,-0.0025708866,1.2520952,-0.09081019,-0.047759574,0.011365999,-0.0507732,0.99750286
1226,-0.0025605748,1.2508425,-0.09029561,-0.0476242,0.010036124,-0.051561095,0.9974832
1261,-0.0025453186,1.250409,-0.09084908,-0.04645372,0.009244268,-0.052159213,0.9975149
1295,-0.0017638636,1.2500687,-0.091631934,-0.04611341,0.00846815,-0.05288351,0.99749947
1329,-0.0013249043,1.2490346,-0.092388436,-0.046112094,0.008839463,-0.054741614,0.99739605
1363,-3.1516982E-5,1.2488258,-0.093771085,-0.045589253,0.008406622,-0.055508267,0.99738145
1398,0.0011286975,1.2488661,-0.09509665,-0.045043483,0.008303295,-0.056115285,0.99737316
1432,0.0026250805,1.2489822,-0.096687354,-0.045118473,0.008245692,-0.056977704,0.99732137
1467,0.004210637,1.2496232,-0.09833486,-0.046238907,0.008511623,-0.059107933,0.9971438
1502,0.0059661907,1.2507436,-0.10028923,-0.04764516,0.007080858,-0.06118638,0.9969634
1536,0.0081307795,1.2518523,-0.10279827,-0.047351968,0.0045689223,-0.06361053,0.9968403
1571,0.0113400705,1.2534542,-0.10615511,-0.047003664,0.0042795623,-0.066580884,0.9966641
1605,0.014483459,1.2556189,-0.10947169,-0.049061533,0.0042426237,-0.07151828,0.9962229
1640,0.018494675,1.2580249,-0.11325421,-0.050285943,0.0036517088,-0.07543069,0.9958756
1675,0.023814786,1.2602131,-0.11775569,-0.049190152,0.0038371247,-0.074729376,0.99598247
1709,0.029396484,1.2628344,-0.1221442,-0.05305932,0.003599552,-0.08106345,0.99528915
1744,0.035622306,1.2655916,-0.12634385,-0.054470263,0.0037216495,-0.08571531,0.9948226
1779,0.041807856,1.2674558,-0.13082266,-0.051995628,0.0027657745,-0.085361265,0.99498856
1814,0.04834989,1.269584,-0.13503304,-0.05519156,1.7141698E-5,-0.092078894,0.994221
1849,0.055471987,1.2718198,-0.13999508,-0.055062197,-0.0016316369,-0.09456623,0.99399334
1885,0.06295895,1.2731509,-0.14538105,-0.053984545,-0.0036705039,-0.09657907,0.99385345
1919,0.07193759,1.274777,-0.15062268,-0.054889385,-0.0063190213,-0.10029688,0.99342227
1954,0.08108995,1.2761412,-0.15655558,-0.054579362,-0.0080187,-0.10230011,0.9932228
1989,0.09095457,1.2777591,-0.1627236,-0.05448303,-0.008635805,-0.10484214,0.9929578
2024,0.10206417,1.2795422,-0.16871989,-0.05405298,-0.0089297835,-0.10774692,0.9926677
2058,0.11347093,1.2819705,-0.1749925,-0.05505103,-0.009512221,-0.11239222,0.9920922
2093,0.12541813,1.2843481,-0.18198112,-0.057114106,-0.008670542,-0.11686021,0.9914668
2128,0.13869072,1.2869666,-0.18948142,-0.0570901,-0.009120253,-0.116802745,0.99147093
2162,0.15214458,1.290891,-0.19665053,-0.055335023,-0.010184718,-0.11613728,0.99163824
2196,0.16491932,1.2950853,-0.2041237,-0.057981234,-0.0095210895,-0.11849158,0.99121505
2231,0.17801408,1.299927,-0.21147653,-0.06026229,-0.009131726,-0.12405284,0.9904019
2266,0.19109236,1.3055612,-0.21792242,-0.06167045,-0.009750683,-0.12664758,0.9899808
2301,0.20374264,1.3125874,-0.22345223,-0.06277093,-0.013951086,-0.12524581,0.9900397
2336,0.21534164,1.3201683,-0.22890647,-0.068320364,-0.018085003,-0.12903653,0.9891182
2370,0.22610062,1.3283134,-0.23641574,-0.070828564,-0.022484487,-0.13114786,0.98857373
2405,0.23787805,1.3374356,-0.24276869,-0.073174626,-0.028059069,-0.13228677,0.98810846
2439,0.2488649,1.3463572,-0.24771649,-0.07965904,-0.034167152,-0.13845758,0.98656803
2475,0.26131436,1.356879,-0.25453156,-0.08737927,-0.03755541,-0.14387241,0.98501533
2509,0.2748494,1.3669078,-0.26185286,-0.08973553,-0.03759281,-0.14079408,0.98524684
2545,0.2904984,1.3776717,-0.26990825,-0.08751461,-0.038136777,-0.13494833,0.98624325
2579,0.30571157,1.3869731,-0.27813473,-0.092714265,-0.034603965,-0.1355239,0.9858194
2613,0.3206922,1.3959357,-0.285748,-0.09478664,-0.029808264,-0.13326101,0.98608744
2648,0.33503887,1.4042959,-0.29331502,-0.09531857,-0.025873598,-0.13077149,0.9864805
2682,0.34803107,1.4122748,-0.30032608,-0.09735661,-0.02089664,-0.13324945,0.9860678
2717,0.3593458,1.4195664,-0.30709162,-0.09886721,-0.017478917,-0.13531509,0.9857026
2751,0.36849415,1.4256474,-0.31328946,-0.09909463,-0.018196758,-0.13386354,0.98586494
2786,0.37585732,1.430462,-0.31852883,-0.10011691,-0.018028565,-0.13204347,0.9860102
2820,0.3807025,1.4337147,-0.32257274,-0.097538054,-0.019857215,-0.12848338,0.98670363
2855,0.38259757,1.4351108,-0.32537293,-0.094042905,-0.026279908,-0.12044904,0.9879055
2889,0.38164115,1.4341096,-0.32751694,-0.0887265,-0.032896172,-0.11049954,0.98936105
2924,0.37776658,1.4320494,-0.32869288,-0.08041512,-0.042715136,-0.098296195,0.9909827
2959,0.37233287,1.4291261,-0.3288164,-0.07405443,-0.054696895,-0.08420366,0.9921864
2994,0.3645853,1.4216082,-0.32731268,-0.06433042,-0.07034632,-0.073437214,0.9927336
3028,0.35418713,1.4128274,-0.3274329,-0.05644374,-0.08312463,-0.0624565,0.99297714
3063,0.34216198,1.4020362,-0.32880518,-0.048944052,-0.09451622,-0.053963233,0.99285406
3099,0.32853195,1.3890026,-0.32923588,-0.04161365,-0.10719543,-0.047994588,0.99220663
3133,0.3126322,1.374037,-0.3294929,-0.03633694,-0.12211244,-0.041943174,0.99096364
3167,0.2943469,1.3582464,-0.33150813,-0.031244077,-0.13870837,-0.039736707,0.98904234
3202,0.27435356,1.3402104,-0.33410358,-0.030956151,-0.15439436,-0.03972029,0.9867251
3237,0.25098795,1.3197577,-0.33945352,-0.017945012,-0.17438552,-0.03386272,0.98393136
3272,0.2241827,1.3014964,-0.34782895,-0.012899903,-0.20357472,-0.04134716,0.9781009
3307,0.19525756,1.2826288,-0.3581957,-0.009168977,-0.2297109,-0.050116606,0.9719245
3342,0.16323721,1.2661018,-0.3719399,0.0026367253,-0.25884318,-0.05691167,0.9642377
3377,0.12950668,1.2540805,-0.3860443,0.003917743,-0.28926095,-0.07540635,0.9542676
3410,0.093481295,1.246488,-0.4010523,0.0034451275,-0.32029882,-0.09363386,0.9426715
3444,0.055370547,1.2444087,-0.41740158,0.007373471,-0.35227257,-0.099540696,0.9305597
3478,0.013391957,1.249483,-0.43453506,0.01156765,-0.3923968,-0.111086376,0.91299003
3512,-0.029402567,1.2617573,-0.45160815,0.006054597,-0.432803,-0.1333862,0.8915453
3547,-0.07413728,1.2795072,-0.46844998,9.966856E-4,-0.47297212,-0.1382745,0.8701589
3582,-0.11963068,1.3024412,-0.48635533,-0.0057073464,-0.5169708,-0.13736685,0.8448899
3617,-0.16491376,1.3298771,-0.50574917,-0.010668552,-0.5650165,-0.14253034,0.8126055
3652,-0.20854053,1.360052,-0.52622753,-0.017537393,-0.60964483,-0.13451949,0.7809802
3686,-0.2489764,1.3929831,-0.5474165,-0.030790975,-0.64701176,-0.12603152,0.75136125
3720,-0.28760746,1.4280076,-0.56969,-0.045807827,-0.6814163,-0.12270994,0.7200804
3754,-0.32421967,1.4639716,-0.5926927,-0.05329838,-0.7117262,-0.11786489,0.69044405
3789,-0.36069915,1.5027517,-0.61637557,-0.068345584,-0.73599946,-0.10442186,0.6653794
3823,-0.39583024,1.5428536,-0.6406176,-0.071318716,-0.7585589,-0.09293981,0.64098686
3858,-0.4287597,1.5877781,-0.6662408,-0.076721534,-0.77448267,-0.100602,0.61981416
3893,-0.45787334,1.6335917,-0.6940824,-0.08508955,-0.78710455,-0.110683426,0.60081226
3928,-0.48286313,1.6775504,-0.72365624,-0.096848466,-0.7980799,-0.10693702,0.5850242
3962,-0.5034437,1.7155803,-0.75251895,-0.108012155,-0.8047261,-0.10330996,0.5745227
3997,-0.5210233,1.7495562,-0.78038156,-0.11596658,-0.80518204,-0.11227925,0.57063735
4033,-0.53510004,1.7742524,-0.808574,-0.11923333,-0.80684006,-0.120158345,0.5659987
4067,-0.54768056,1.7904314,-0.8368817,-0.11533183,-0.81193423,-0.124786325,0.5584709
4101,-0.55841434,1.7989689,-0.86354077,-0.113972485,-0.8133239,-0.1239231,0.5569179
4136,-0.56744784,1.8005347,-0.89057994,-0.10711013,-0.8148767,-0.13347174,0.55379486
4170,-0.57600904,1.7949129,-0.9185816,-0.10119167,-0.8180818,-0.14532696,0.54715854
4205,-0.58313245,1.7820293,-0.9473544,-0.095972024,-0.821726,-0.14243715,0.5433851
4239,-0.5894626,1.7641406,-0.9741145,-0.09084867,-0.8252519,-0.1400778,0.53952205
4274,-0.59459937,1.740704,-1.0023607,-0.08272925,-0.83007765,-0.14039631,0.5333065
4309,-0.5978745,1.7123356,-1.0309484,-0.07443205,-0.8346879,-0.13762778,0.528029
4343,-0.5997898,1.6818128,-1.0576148,-0.065641165,-0.8380331,-0.13630901,0.52422476
4378,-0.5990945,1.6474454,-1.0839524,-0.058094673,-0.8408537,-0.13641109,0.52055943
4413,-0.5953767,1.6098877,-1.1102338,-0.05038589,-0.84429324,-0.13320072,0.51661175
4448,-0.58970565,1.5701225,-1.1364276,-0.044196647,-0.8465624,-0.1355449,0.51284146
4484,-0.57887906,1.5277457,-1.1618403,-0.03986396,-0.8490112,-0.12724967,0.51127136
4518,-0.5631279,1.4846154,-1.1871026,-0.032209344,-0.85155594,-0.13172519,0.5064223
4553,-0.5410513,1.4387617,-1.211257,-0.022321546,-0.8551133,-0.12691163,0.5021717
4588,-0.51251125,1.3942372,-1.2322106,-0.017903404,-0.8563391,-0.113888934,0.50338066
4622,-0.47712448,1.349026,-1.2498573,-0.014644361,-0.85416913,-0.100931615,0.5098955
4657,-0.4356046,1.3053036,-1.263783,9.251439E-4,-0.8529489,-0.08304834,0.5153448
4692,-0.39004767,1.2639755,-1.2727757,0.021864444,-0.8457558,-0.07417088,0.52793723
4727,-0.3411951,1.226286,-1.2756238,0.05075596,-0.829023,-0.05691525,0.5539904
4761,-0.28942153,1.1948099,-1.2752653,0.071655266,-0.80925184,-0.036409818,0.5819375
4795,-0.23086245,1.1705381,-1.2722665,0.09764786,-0.7828441,-0.00479219,0.61448926
4829,-0.16800365,1.155476,-1.2717608,-0.11898387,0.7490995,-0.017114429,-0.6514598
4863,-0.10401414,1.1539532,-1.2692139,-0.14866778,0.7126419,-0.015823936,-0.6854116
4898,-0.037603986,1.1657772,-1.2653239,-0.16202544,0.66351444,-0.017255433,-0.73020446
4933,0.029208494,1.1923691,-1.2628983,-0.15912046,0.61176676,-0.028005444,-0.77436286
4968,0.09550327,1.2293724,-1.265291,-0.14954606,0.557158,-0.03742698,-0.8159719
5002,0.16061294,1.2706988,-1.2714404,-0.1343897,0.49630383,-0.05973943,-0.855601
5037,0.22866751,1.3160648,-1.2835371,-0.12322789,0.42874396,-0.09649016,-0.8897658
5072,0.2973032,1.3621247,-1.3007325,-0.11314344,0.35678387,-0.11672684,-0.91993403
5108,0.3678185,1.4072564,-1.3243421,-0.11066217,0.2753,-0.13450263,-0.9454485
5143,0.4374446,1.4517326,-1.3536681,-0.099428326,0.19027878,-0.14217441,-0.9662787
5177,0.5013804,1.4947474,-1.386819,-0.08308888,0.10552938,-0.13924962,-0.98110616
5210,0.55973756,1.537142,-1.4247211,-0.051466357,0.027819842,-0.12585853,-0.99032164
5245,0.60995346,1.5769248,-1.4630308,-0.013169198,-0.048792817,-0.11928362,-0.9915731
5280,0.64495033,1.6103859,-1.4972678,0.006686931,-0.10972393,-0.12244289,-0.98636895
5314,0.6653826,1.6382791,-1.5216174,0.030438174,-0.14550675,-0.123162955,-0.9811892
5349,0.67753845,1.6578721,-1.5382855,0.045852423,-0.17514534,-0.12163589,-0.97592336
5383,0.68534875,1.6709164,-1.550031,0.05256011,-0.19320008,-0.12447321,-0.9718115
5418,0.68942153,1.6798829,-1.5522386,0.049678724,-0.20107014,-0.13147937,-0.96944106
5453,0.6889837,1.6798025,-1.545745,0.04408785,-0.20597915,-0.13906942,-0.96762
5488,0.68787956,1.671572,-1.5330712,0.03350321,-0.20393538,-0.14367789,-0.967804
5523,0.686819,1.6563433,-1.5145383,0.022319872,-0.19987647,-0.15129907,-0.9678119
5558,0.68443495,1.634373,-1.489363,0.0062740496,-0.18660654,-0.15208894,-0.97057074
5592,0.68057823,1.6079321,-1.4584743,-0.013668594,-0.16061303,-0.15176617,-0.9751839
5627,0.67240065,1.5761065,-1.421693,-0.029438835,-0.13359515,-0.15122515,-0.9789876
5662,0.6611676,1.5398699,-1.3803419,-0.03827591,-0.10936757,-0.1440903,-0.98275715
5697,0.64599735,1.5057179,-1.332954,-0.03501305,-0.08099977,-0.13393821,-0.98705304
5731,0.6273869,1.4726112,-1.2827741,-0.033188187,-0.054362778,-0.12934004,-0.9895526
5766,0.6030749,1.440954,-1.2270547,-0.023675073,-0.021646535,-0.119475305,-0.9923188
5801,0.5736439,1.41193,-1.1668497,-0.007311939,0.011800928,-0.10432507,-0.99444634
5835,0.5385128,1.3791019,-1.10508,-4.9665757E-4,0.04179436,-0.09928485,-0.9941808
5869,0.4946295,1.3483655,-1.0426894,-0.07436278,0.08544528,-0.11164306,-0.98727155
5904,0.4466529,1.3333745,-0.9771441,-0.034753818,0.12649673,-0.06302702,-0.98935246
5939,0.40779927,1.3199756,-0.9220306,-0.11134175,0.17651494,-0.064036556,-0.9758816
5974,0.38388234,1.3367724,-0.88177735,-0.105502576,0.1942662,-0.047990434,-0.9740774
6008,0.37935948,1.3646859,-0.85110325,-0.10280841,0.18720251,-0.079603046,-0.97367805
6045,0.38704574,1.3971878,-0.8274236,-0.12059043,0.16493937,-0.13261661,-0.96987927
6078,0.39441442,1.4310919,-0.8072426,-0.09029467,0.15125059,-0.1492699,-0.97297925
6112,0.39759678,1.4502529,-0.79075587,-0.097968385,0.13536996,-0.16774239,-0.97156554
6147,0.3928055,1.464139,-0.7745444,-0.10332123,0.13283095,-0.17787603,-0.969557
6182,0.3843965,1.476579,-0.76009655,-0.09325498,0.13701743,-0.16414851,-0.97241193
6217,0.37290457,1.484883,-0.7453539,-0.065248504,0.14522566,-0.16114132,-0.9740049
6252,0.36062542,1.4856464,-0.73793316,-0.059437998,0.14702453,-0.15656649,-0.97485274
6285,0.34049776,1.4874823,-0.7280785,-0.04916701,0.16672555,-0.14151192,-0.9745561
6321,0.32096004,1.4910555,-0.72152674,-0.021405319,0.1813597,-0.1295834,-0.97460693
6355,0.298698,1.4939742,-0.71360964,0.0015678685,0.20396739,-0.11331128,-0.97239673
6390,0.27596748,1.4968169,-0.7082447,0.015280337,0.22325054,-0.097244866,-0.9697779
6425,0.25286254,1.5011742,-0.7052718,0.032469057,0.24197446,-0.08227311,-0.96624285
6460,0.23036347,1.5044887,-0.70314366,0.052341662,0.26480922,-0.059121415,-0.9610625
6493,0.20773952,1.506922,-0.69984317,0.06209447,0.28739175,-0.03811589,-0.95503795
6528,0.18497339,1.5092857,-0.69568384,0.074742466,0.3093948,-0.014450794,-0.94788164
6563,0.1619475,1.5110196,-0.6911546,0.08615737,0.32933414,-0.0037941262,-0.9402667
6597,0.13956672,1.5108374,-0.6857812,-0.09190993,-0.35152018,-0.008231251,0.9316214
6632,0.11744164,1.5092052,-0.67928797,-0.09830944,-0.3756105,-0.030398756,0.9210472
6667,0.096607715,1.5067358,-0.67275417,-0.10328952,-0.39803874,-0.037973285,0.9107439
6701,0.0782616,1.503289,-0.6667255,-0.10746255,-0.4281526,-0.032997765,0.8966874
6736,0.06639921,1.4965106,-0.6597852,-0.106197834,-0.4589784,-0.023913443,0.8817534
6770,0.06373034,1.4862672,-0.6493814,-0.10169181,-0.47697604,-0.0061415248,0.8729919
6804,0.07305113,1.4705565,-0.6337498,0.08719344,0.4853303,-0.0072864722,-0.8699418
6839,0.09474286,1.449404,-0.61269355,0.059271522,0.48517954,-0.011306949,-0.8723301
6873,0.12958544,1.4257042,-0.58706915,0.031136494,0.46865782,-0.018782461,-0.88263106
6908,0.17976327,1.3998625,-0.5591268,-0.0025014833,0.43173262,-0.029475825,-0.90151644
6944,0.2417006,1.3758805,-0.53295916,-0.034007132,0.38177544,-0.040170394,-0.9227553
6978,0.31165972,1.3583807,-0.51306176,-0.06735918,0.3181545,-0.05929294,-0.94378215
7012,0.38465634,1.3527267,-0.49955758,-0.10166621,0.24746674,-0.070537806,-0.96096236
7047,0.45431262,1.3637862,-0.49458846,-0.1124569,0.17385554,-0.073873214,-0.975536
7081,0.51233065,1.3897022,-0.494515,-0.10527246,0.105367534,-0.07804538,-0.98576075
7116,0.558832,1.4296074,-0.49900678,-0.07934938,0.04482834,-0.07988484,-0.9926291
7151,0.59230053,1.4761552,-0.5045225,-0.048005175,-0.0067260074,-0.092122994,-0.99456704
7185,0.6139727,1.5245557,-0.5093878,-0.02190233,-0.050607402,-0.11515205,-0.9918161
7220,0.6262986,1.5744965,-0.5133275,0.011993075,-0.08664703,-0.12966733,-0.9876917
7255,0.6286403,1.6206943,-0.51303464,0.044737775,-0.11433829,-0.13943712,-0.9825897
7290,0.62413114,1.6613436,-0.5111601,0.07409605,-0.13562928,-0.15444364,-0.97583896
7325,0.61318976,1.6948764,-0.5057694,0.09936922,-0.15108739,-0.16548,-0.969492
7359,0.5965436,1.722336,-0.49593353,0.1223294,-0.16093211,-0.1753401,-0.96353114
7394,0.5749651,1.7435803,-0.48108438,0.1456834,-0.16388136,-0.18503425,-0.95795697
7428,0.5493094,1.7573768,-0.46142262,0.16515237,-0.15878017,-0.188689,-0.9549398
7463,0.5181172,1.765439,-0.43609163,0.18089913,-0.14239928,-0.18890719,-0.9546266
7498,0.4824217,1.767702,-0.4069675,0.19551006,-0.12057906,-0.19221772,-0.9540906
7533,0.4425133,1.7634246,-0.3743815,0.20336367,-0.09645499,-0.18939616,-0.9557556
7568,0.39720353,1.7544717,-0.33742106,0.20953788,-0.06453813,-0.17777896,-0.95933485
7602,0.34910637,1.7422229,-0.2986917,0.21535006,-0.026902528,-0.15776013,-0.96333396
7636,0.29594672,1.7261277,-0.25821468,0.21378662,0.0081567615,-0.14122133,-0.9665843
7670,0.23681895,1.7072611,-0.21557641,0.20752752,0.049078114,-0.13015893,-0.96828836
7704,0.17185286,1.6851904,-0.17290856,0.1942601,0.09156924,-0.12486298,-0.9686523
7739,0.09754716,1.6586624,-0.13284676,0.17588066,0.14395791,-0.12456442,-0.9658291
7774,0.016696127,1.630166,-0.097849935,0.16261064,0.20616674,-0.110268906,-0.9585895
7809,-0.069396965,1.5994418,-0.06974435,0.14650698,0.27040732,-0.1001922,-0.9462437
7843,-0.15813255,1.5672431,-0.051302277,0.12672919,0.33663428,-0.09119107,-0.9286018
7878,-0.25205863,1.5334287,-0.042319074,0.105253324,0.4087838,-0.08910361,-0.90215194
7913,-0.34446216,1.5003152,-0.043316957,0.08099365,0.47948778,-0.093528785,-0.868783
7947,-0.43366936,1.4710958,-0.056696784,0.05755501,0.551107,-0.09927494,-0.8265065
7982,-0.51418376,1.4490148,-0.0754348,0.046220046,0.614686,-0.10021385,-0.7810134
8016,-0.5884202,1.4329622,-0.10052473,0.04416206,0.6720159,-0.09365672,-0.73326176
8051,-0.6538664,1.423136,-0.12999234,0.046051636,0.7274504,-0.08702813,-0.67905915
8085,-0.70649326,1.4177384,-0.1574633,0.053668387,0.77482206,-0.08725936,-0.6238239
8120,-0.7524184,1.4200524,-0.18907785,0.07099581,0.8129873,-0.09553631,-0.56998605
8155,-0.78820044,1.4299442,-0.20569053,0.08654443,0.8451958,-0.08415792,-0.5206454
8190,-0.8188529,1.4455923,-0.20933253,0.106632106,0.863892,-0.067622,-0.4875935
8223,-0.8455984,1.4620339,-0.20041823,0.124320775,0.8730514,-0.05870569,-0.46784526
8258,-0.87191755,1.4780363,-0.18058959,0.13235542,0.87919194,-0.04870484,-0.45511693
8292,-0.89857596,1.4903574,-0.15226339,0.14188035,0.8810462,-0.044829454,-0.44901884
8328,-0.9260171,1.4995261,-0.11556147,0.14783671,0.8824522,-0.039604783,-0.44480774
8362,-0.9536561,1.503165,-0.0718745,0.14237063,0.8851973,-0.022766536,-0.44230992
8397,-0.97961825,1.4994506,-0.022261618,0.13812964,0.88349015,-0.017324412,-0.44728655
8431,-1.0044124,1.4878927,0.03793864,0.12867175,0.8783329,-0.03776044,-0.45885625
8466,-1.0239874,1.4737538,0.10634593,0.12001917,0.86855894,-0.06267048,-0.47673175
8500,-1.0353045,1.4602573,0.17810813,0.10629247,0.85589004,-0.077759795,-0.5001075
8535,-1.0385683,1.4467249,0.2562922,0.09543025,0.84050786,-0.08349289,-0.52675277
8569,-1.0328097,1.436127,0.33541092,0.081049375,0.8229199,-0.08963436,-0.55515724
8605,-1.0188868,1.4290181,0.41429818,0.06312483,0.8065314,-0.08751758,-0.58125985
8640,-0.9979402,1.4209194,0.49995932,0.05623655,0.7843665,-0.0895435,-0.6112189
8674,-0.9674087,1.4178987,0.58022445,0.04698808,0.7598524,-0.09703846,-0.64109284
8708,-0.93163526,1.4178137,0.656238,0.042857338,0.7394044,-0.08044844,-0.6670625
8743,-0.88723636,1.4220854,0.7306004,0.045987375,0.7103826,-0.09310909,-0.69611233
8778,-0.83990127,1.4257991,0.80609435,0.052879713,0.68544036,-0.07858475,-0.7219416
8813,-0.78870255,1.4304743,0.8785106,0.05588063,0.65957063,-0.07832554,-0.74545896
8849,-0.73766106,1.4360688,0.94155765,0.06136566,0.63751876,-0.08893275,-0.7628205
8883,-0.6875073,1.4412975,1.0001003,0.065448605,0.62108773,-0.075776786,-0.7773187
8918,-0.6388805,1.4452829,1.0559223,0.06305003,0.6048468,-0.07404925,-0.7903808
8953,-0.5950727,1.447823,1.1027946,0.05649675,0.59415203,-0.090231776,-0.79727644
8988,-0.5547218,1.4491472,1.1471844,0.052265197,0.58798707,-0.109965146,-0.7996544
9022,-0.5197863,1.4484448,1.1864182,0.045352634,0.59022003,-0.12219484,-0.7966504
9056,-0.48795804,1.4439305,1.2229501,0.025251102,0.5932089,-0.140514,-0.7922887
9090,-0.45761275,1.4384629,1.2575645,0.01544395,0.5970279,-0.16395688,-0.7851352
9125,-0.42985412,1.4321494,1.2907727,0.004700483,0.60288733,-0.1797228,-0.7773059
9160,-0.40476012,1.4235862,1.3180346,-0.008633097,0.6146191,-0.19008072,-0.7655313
9195,-0.38118327,1.415755,1.3424165,-0.011976937,0.6281978,-0.19326119,-0.7535743
9231,-0.35955164,1.4066682,1.361616,-0.0065589305,0.6390093,-0.20177308,-0.7422343
9266,-0.34239766,1.3960445,1.3787153,-0.004328795,0.65185994,-0.21028492,-0.72858775
9301,-0.33005905,1.3842653,1.3931309,-0.001120681,0.669039,-0.21593021,-0.7111679
9335,-0.32209608,1.3717862,1.4005829,0.0064893886,0.68783563,-0.22033358,-0.6915874
9370,-0.3184695,1.3581975,1.4048401,0.015336999,0.7102627,-0.22153258,-0.66799325
9405,-0.31783095,1.345039,1.4019408,0.02560665,0.7381013,-0.2135739,-0.6394818
9439,-0.31845734,1.3307661,1.3930631,0.035967655,0.76673317,-0.2015566,-0.6084419
9474,-0.31643888,1.3168415,1.3786044,0.04438406,0.79417723,-0.19466491,-0.57394964
9507,-0.30911502,1.3054451,1.3570735,0.039559912,0.8241813,-0.1637826,-0.54068047
9542,-0.2959764,1.2931981,1.3312314,0.037716895,0.8502708,-0.14568774,-0.5043729
9576,-0.27599698,1.2833815,1.3042377,0.029542051,0.873477,-0.13261224,-0.4675246
9611,-0.25045034,1.2771161,1.2750237,0.018852653,0.8962709,-0.11207462,-0.4286985
9646,-0.22136031,1.2732111,1.2474586,0.019409182,0.9154511,-0.09282539,-0.39109588
9681,-0.18733573,1.2707529,1.2150892,0.02133798,0.9321517,-0.0832286,-0.3517256
9716,-0.14777099,1.268344,1.1850362,0.023531783,0.94699246,-0.0783012,-0.31067747
9751,-0.103549086,1.2653174,1.1563286,0.024848502,0.9591182,-0.06905879,-0.27332354
9786,-0.05393771,1.2613959,1.1286422,0.02522124,0.969519,-0.068118475,-0.23400137
9821,7.4852735E-4,1.2570738,1.0993645,0.021009257,0.97829616,-0.05848884,-0.19767225
9856,0.058891382,1.2525134,1.0683722,0.02549843,0.98519075,-0.05540318,-0.16024831
9890,0.12410313,1.2425665,1.0369306,0.034134857,0.9911373,-0.06516317,-0.110613674
9924,0.19207121,1.2328075,1.006217,0.043364294,0.99435395,-0.07486262,-0.06144384
9958,0.2647201,1.2242228,0.97506034,0.048296433,0.9960414,-0.072576545,-0.017364819
9993,0.34268555,1.2162262,0.9416964,0.040423546,0.996307,-0.06419925,0.04020897
10028,0.42246252,1.2107313,0.90908015,0.028824186,0.9943263,-0.048666596,0.09008835
10064,0.5069007,1.2056818,0.876801,0.015241553,0.989304,-0.033576444,0.1411306
10099,0.59121275,1.2039472,0.8453002,0.013388516,0.9798248,-0.02486653,0.1978531
10134,0.6758581,1.2069172,0.814868,0.01788474,0.9679508,-0.009420298,0.25032502
10169,0.76315576,1.2127427,0.78803986,0.013005639,0.9520215,-0.0046169725,0.3057199
10204,0.85103923,1.2235565,0.76448494,-0.009280381,-0.9314897,-0.0035863805,-0.3636316
10238,0.9344975,1.2376794,0.744911,-4.6780435E-4,-0.90939873,-0.01487111,-0.41565922
10272,1.0153775,1.252667,0.727445,0.009534763,-0.8852355,-0.018596383,-0.4646735
10307,1.0937803,1.2686046,0.712111,0.008300529,-0.8575167,-0.023764173,-0.51383996
10342,1.1668943,1.2853861,0.697363,0.0030243618,-0.8295541,-0.033777505,-0.55739576
10377,1.2327094,1.3001089,0.68299395,-0.0027056495,-0.80224836,-0.043609846,-0.5953893
10412,1.2918677,1.3151371,0.6659197,-0.009375401,-0.77832294,-0.06372071,-0.62455195
10446,1.3436096,1.3280576,0.6448564,-0.012096831,-0.7602015,-0.08528789,-0.6439513
10481,1.3886888,1.3377339,0.6201815,-0.009725007,-0.7465776,-0.091896236,-0.6588493
10516,1.4265625,1.3477491,0.5904007,-0.003711339,-0.7393118,-0.105720386,-0.6650018
10551,1.4566598,1.3569096,0.5564934,-0.004528671,-0.7425285,-0.11803073,-0.6593176
10586,1.4803994,1.3679352,0.5203992,0.0059360336,-0.7491798,-0.13065286,-0.64932597
10620,1.4961737,1.3803355,0.48362058,0.011659575,-0.7612143,-0.14982493,-0.6308481
10655,1.5034169,1.3919091,0.44702816,0.012749108,-0.779321,-0.16731882,-0.6037389
10690,1.5012997,1.4004788,0.41295555,0.02814505,-0.8017208,-0.16926697,-0.5725385
10724,1.4921438,1.4070266,0.38117468,0.030101515,-0.8255052,-0.16765553,-0.5380769
10758,1.4768573,1.4125365,0.353072,0.02414227,-0.8470074,-0.16117167,-0.50598353
10793,1.4538938,1.4173747,0.32890102,0.035049126,-0.86671865,-0.15422592,-0.47305885
10827,1.4235247,1.4192575,0.30959433,0.041106366,-0.8862962,-0.15039013,-0.4360873
10862,1.3866205,1.4180282,0.29652935,0.03568599,-0.9056274,-0.14263809,-0.39776862
10897,1.3435631,1.413349,0.2915467,0.039143033,-0.92382276,-0.13998447,-0.3541521
10932,1.2975396,1.4046562,0.29494733,0.038100824,-0.94091576,-0.13588026,-0.307835
10967,1.2494707,1.3912008,0.30777788,0.028178051,-0.9558738,-0.1273768,-0.26322317
11001,1.2008314,1.3749387,0.32824692,0.016980836,-0.96936095,-0.11466729,-0.21656957
11035,1.1516279,1.3562764,0.3554878,0.008804562,-0.9797009,-0.10189823,-0.17241037
11070,1.1046779,1.3376669,0.38821563,-0.0035345533,-0.9874311,-0.08268906,-0.13464689
11105,1.0572734,1.3195469,0.4265767,-0.01703101,-0.99346155,-0.065904304,-0.09165514
11139,1.0107646,1.3010421,0.46702722,-0.018443877,-0.9977529,-0.042727225,-0.048201658
11174,0.9656553,1.2859343,0.5082013,-0.018490383,-0.9996696,-0.015798584,-0.00831554
11208,0.92116743,1.2749317,0.55389076,0.018028937,0.99934226,-0.0058986964,-0.030906007
11242,0.8765639,1.2687032,0.5983289,0.013971011,0.99711806,-0.023436422,-0.070789285
11276,0.8305634,1.264215,0.64554125,0.007908372,0.99281543,-0.044460647,-0.110807054
11310,0.78563935,1.2619123,0.6948723,0.009515043,0.985998,-0.06889527,-0.15156144
11346,0.7410261,1.2622912,0.7461221,0.010154867,0.97625786,-0.09528777,-0.1942619
11379,0.6968164,1.266897,0.7976051,0.020072175,0.964258,-0.11758482,-0.2365954
11414,0.6532327,1.2742691,0.8529435,0.035413124,0.94656163,-0.14444971,-0.28618392
11449,0.6133269,1.2861915,0.907562,0.042952806,0.92593664,-0.16712826,-0.3359532
11483,0.578636,1.3039168,0.9621104,0.052348364,0.90349996,-0.17462164,-0.387885
11518,0.549617,1.3239226,1.0169988,0.067400135,0.8731734,-0.19449717,-0.44181016
11553,0.5256805,1.3513484,1.0661418,0.08687165,0.83978176,-0.20717727,-0.4942646
11588,0.5088901,1.3837644,1.1082681,0.10084317,0.8043752,-0.21292575,-0.5454117
11623,0.49614528,1.4194965,1.1421487,0.11391462,0.7661993,-0.22694121,-0.59030485
11657,0.48499125,1.4604421,1.1686277,0.13361159,0.7245054,-0.24530128,-0.63013256
11693,0.47391495,1.5046353,1.1848893,0.15247372,0.6857241,-0.26309958,-0.66129637
11727,0.46192434,1.5536615,1.192534,0.17831323,0.6422598,-0.28801453,-0.68757135
11762,0.44935796,1.6055218,1.1918483,0.20833139,0.5924731,-0.31009632,-0.71373236
11798,0.43518338,1.6591593,1.1807168,0.24288791,0.54509795,-0.32895625,-0.73188895
11832,0.42161137,1.7091075,1.1629913,0.27962846,0.48324412,-0.37556827,-0.739751
11866,0.40844923,1.7584608,1.1377707,0.31990224,0.39923453,-0.4498176,-0.7320782
11899,0.3933475,1.80215,1.1038221,0.3387098,0.3216388,-0.51559895,-0.71831876
11933,0.3745394,1.8400314,1.0632333,0.36408812,0.26514435,-0.5712786,-0.68613344
11968,0.35431197,1.8725469,1.016401,0.38443175,0.20324047,-0.62522423,-0.6480742
12003,0.3322735,1.8980552,0.96234447,0.40478754,0.1507687,-0.66933596,-0.60448754
12037,0.30833846,1.9197285,0.90819055,0.42460263,0.08866019,-0.68640983,-0.5836896
12071,0.27938175,1.9329318,0.8567026,0.45200872,0.05818984,-0.68990546,-0.56243443
12106,0.2436822,1.9407885,0.8076789,0.4545122,0.03371965,-0.7000395,-0.5497511
12141,0.20433387,1.9465202,0.75833,0.4754691,0.0449372,-0.6808986,-0.55523586
12176,0.16298798,1.949799,0.7092226,0.51628816,0.07716272,-0.6398723,-0.5639644
12210,0.12027577,1.9529316,0.6612793,0.5447335,0.10252808,-0.60756934,-0.5688698
12246,0.07699631,1.9544642,0.61859643,0.5621471,0.13206418,-0.58572257,-0.56875193
12281,0.03437141,1.9566336,0.57513326,0.5775352,0.1551839,-0.5736648,-0.559714
12316,-0.0067030634,1.9585617,0.53013754,0.5832823,0.17516594,-0.5659539,-0.5556931
12351,-0.04444371,1.9603477,0.48106727,0.5924607,0.19775918,-0.5481843,-0.55621547
12386,-0.07992597,1.9602703,0.4270779,0.60864353,0.2209534,-0.5197314,-0.55732566
12421,-0.11480797,1.9570613,0.36876145,0.6252469,0.24530728,-0.49085784,-0.5549317
12456,-0.1491691,1.9512086,0.30634153,0.6433546,0.26587614,-0.46526235,-0.54675007
12491,-0.18484843,1.9409564,0.24167119,0.6592064,0.28348082,-0.4463712,-0.5346385
12526,-0.22165242,1.9275404,0.17533994,0.6741815,0.3156268,-0.42440137,-0.5155022
12561,-0.2574892,1.9130126,0.10902627,0.68671304,0.34289762,-0.40919167,-0.49336457
12595,-0.29040086,1.8973262,0.044069875,0.69986296,0.365409,-0.3927061,-0.47164604
12630,-0.32146814,1.8797185,-0.021261608,0.7057438,0.40573636,-0.35713005,-0.45799765
12665,-0.35101637,1.8608576,-0.08826495,-0.70738715,-0.45855635,0.31767508,0.4340645
12700,-0.3803598,1.8414712,-0.15382966,0.691894,0.5189523,-0.2832214,-0.41443557
12735,-0.40815395,1.8213385,-0.2211646,0.6591435,0.58961296,-0.24855609,-0.3951029
12770,-0.43367675,1.800216,-0.28984323,0.61601424,0.6619607,-0.21925187,-0.3664193
12805,-0.45677412,1.7772822,-0.35871142,0.57024634,0.7234113,-0.20594572,-0.33027497
12840,-0.4747828,1.7519451,-0.42571303,0.5193916,0.77265584,-0.20905791,-0.2992158
12875,-0.48662618,1.7250192,-0.49060035,0.46604338,0.8173095,-0.21321769,-0.26333812
12910,-0.49201137,1.6993843,-0.55323154,0.4132796,0.8534005,-0.21878982,-0.2303009
12944,-0.49041024,1.6770205,-0.61186564,0.37130198,0.87898964,-0.21992582,-0.20284162
12979,-0.48323807,1.6605932,-0.6643828,0.33314162,0.9006396,-0.21270145,-0.18061851
13014,-0.47311586,1.6525507,-0.7102366,0.29656595,0.920936,-0.18937644,-0.16751753
13049,-0.46276528,1.6527855,-0.748151,0.2575395,0.94210553,-0.1471747,-0.15636548
13083,-0.4538289,1.6603558,-0.77461386,0.21307398,0.9597639,-0.09564447,-0.15590046
13117,-0.4468915,1.6745627,-0.7905798,0.17086537,0.97060907,-0.0308006,-0.16665636
13152,-0.4423988,1.6922687,-0.79501694,-0.12729914,-0.9740931,-0.049362414,0.18028025
13187,-0.4400963,1.7081338,-0.7901978,-0.07654831,-0.966375,-0.1359423,0.20440014
13222,-0.4361993,1.7189803,-0.7763034,-0.043038048,-0.94601065,-0.2169142,0.2369806
13257,-0.42719018,1.7207785,-0.75844854,-0.012509281,-0.92101735,-0.28399312,0.26630518
13293,-0.4136427,1.7136155,-0.7370247,0.021910964,-0.8971227,-0.33453193,0.28771365
13326,-0.39696568,1.6978921,-0.7128692,0.049597032,-0.87447906,-0.36864915,0.31132668
13361,-0.37972498,1.6760861,-0.68773603,0.07024115,-0.85332525,-0.38317162,0.34652805
13395,-0.35936907,1.6503024,-0.6612864,0.08831603,-0.8279929,-0.39518404,0.38788858
13430,-0.33502278,1.6229597,-0.633619,0.09763006,-0.7945158,-0.416659,0.43082282
13465,-0.30666625,1.5924511,-0.6079374,0.104262285,-0.75918955,-0.43359703,0.4740825
13499,-0.2754587,1.5599121,-0.58549064,0.115487486,-0.7267526,-0.43876112,0.51573443
13534,-0.23954381,1.5228153,-0.56619227,0.12281124,-0.6886364,-0.43861163,0.564196
13569,-0.20107572,1.4839836,-0.55080396,0.1304469,-0.65092766,-0.42564276,0.61490244
13603,-0.1602835,1.4453189,-0.5400282,0.14267983,-0.61479527,-0.40738896,0.6600784
13638,-0.1155593,1.4082537,-0.5325226,0.15530705,-0.5747772,-0.3932669,0.7006083
13673,-0.068981946,1.3759037,-0.5282525,0.16233604,-0.53232104,-0.38536075,0.73605597
13709,-0.021686787,1.3478725,-0.5264803,0.17181438,-0.49004975,-0.37486655,0.7679884
13744,0.021683628,1.3259249,-0.520358,0.18220653,-0.44890356,-0.35691938,0.7986832
13778,0.06575358,1.3084974,-0.5191633,0.18998037,-0.41395095,-0.3166831,0.832024
13813,0.10862837,1.2982267,-0.51945287,0.18997467,-0.37419838,-0.28524512,0.86169624
13848,0.14903472,1.2949536,-0.52068204,0.18368666,-0.33094734,-0.26213285,0.8877046
13882,0.18773958,1.2964741,-0.5227537,0.17306964,-0.28472984,-0.21595457,0.91779053
13918,0.22330415,1.3042558,-0.5280627,0.16432859,-0.23640375,-0.15929396,0.9443171
13951,0.25276354,1.318309,-0.536734,0.15408559,-0.19143474,-0.10134933,0.96402216
13986,0.27547157,1.340978,-0.5499851,0.14171691,-0.15301055,-0.041022938,0.97714955
14021,0.28853643,1.3705308,-0.5644371,-0.118461125,0.12666436,-0.00661879,-0.9848245
14056,0.29339814,1.4044648,-0.58101505,-0.088126086,0.10705757,-0.04922247,-0.9891156
14091,0.293202,1.4408435,-0.5990493,-0.056459036,0.08637155,-0.10396906,-0.9892132
14125,0.28788605,1.4767437,-0.61829144,-0.027072972,0.069042474,-0.16662988,-0.98322666
14160,0.27620783,1.5114672,-0.64028275,0.0062583066,0.055672474,-0.22087635,-0.97369146
14195,0.26106232,1.5411658,-0.6639127,0.030861197,0.042217214,-0.26651362,-0.96241146
14230,0.24289218,1.5644943,-0.6889132,0.04853234,0.03363128,-0.2992083,-0.95235914
14265,0.2236907,1.5815841,-0.71427757,0.060225535,0.030752506,-0.3112454,-0.9479206
14300,0.20529035,1.5924278,-0.7404733,0.06590748,0.02039924,-0.3145774,-0.94672126
14335,0.18756542,1.5971346,-0.7673381,0.06381584,0.00899832,-0.3090149,-0.9488711
14370,0.16991998,1.5981385,-0.7923698,0.05966933,2.9466324E-4,-0.289939,-0.95518315
14404,0.1536719,1.5951296,-0.8140391,0.064055696,-0.0067767547,-0.26416776,-0.9623234
14439,0.13828418,1.5879265,-0.82741046,0.060719248,-0.020066654,-0.24269551,-0.9679924
14474,0.122847036,1.5754031,-0.83670413,0.059003692,-0.033319455,-0.21616574,-0.9740024
14508,0.10508869,1.556449,-0.8405469,0.05519583,-0.04008206,-0.1899081,-0.9794293
14543,0.082577616,1.5327321,-0.8368649,0.043462176,-0.036294423,-0.16127111,-0.9852844
14578,0.05597425,1.504116,-0.8308349,0.030475087,-0.028334424,-0.13782702,-0.9895818
14613,0.026170617,1.4719874,-0.82178515,0.01647845,-0.014562596,-0.113192946,-0.99332964
14647,-0.0068362975,1.4390806,-0.8075999,0.004634318,0.0025504623,-0.09373333,-0.9955833
14681,-0.04422591,1.4033264,-0.79060835,-0.010821299,0.019866556,-0.08295469,-0.9962965
14716,-0.088492386,1.3638108,-0.7761566,-0.033492588,0.046484355,-0.07903562,-0.995224
14750,-0.14126606,1.3223042,-0.76570725,-0.05482678,0.08902853,-0.07047755,-0.9920186
14785,-0.20530094,1.2827489,-0.75748265,-0.07879848,0.14917915,-0.08365369,-0.9821092
14820,-0.27685368,1.2456644,-0.755368,-0.09435331,0.21783163,-0.09654098,-0.9666057
14855,-0.35523513,1.2180079,-0.7547423,-0.10698576,0.29454985,-0.113057956,-0.9428745
14889,-0.43912858,1.1975043,-0.7584627,-0.10593171,0.37568867,-0.11685471,-0.9132258
14924,-0.52020633,1.1802294,-0.77603453,-0.1075839,0.45150548,-0.124505416,-0.8769646
14958,-0.60085356,1.1693753,-0.79489213,-0.10476404,0.52230465,-0.12633061,-0.83681715
14993,-0.6753664,1.16427,-0.81689996,-0.1086353,0.58434474,-0.13162945,-0.7933557
15026,-0.7460827,1.1671597,-0.84126675,-0.10219789,0.63953334,-0.13479818,-0.74992144
15062,-0.81120247,1.1771668,-0.86601824,-0.08923288,0.6816045,-0.13646948,-0.7133224
15095,-0.8693377,1.1930202,-0.89062494,-0.07780933,0.71819276,-0.13174829,-0.6788131
15130,-0.92210644,1.215782,-0.9152707,-0.0643061,0.7483197,-0.13056831,-0.64717406
15163,-0.96738815,1.2444237,-0.9388298,-0.04286078,0.7717326,-0.12683854,-0.6216942
15198,-1.0062141,1.2779672,-0.961677,-0.024519553,0.7906002,-0.11888561,-0.60018027
15235,-1.0368136,1.3150167,-0.98243123,-2.334316E-4,0.80297977,-0.10557781,-0.5865806
15268,-1.0591912,1.3529282,-1.0007277,0.018753976,0.811208,-0.088993005,-0.57764184
15302,-1.0736867,1.3880042,-1.0173869,0.035099577,0.8170013,-0.07422849,-0.5707601
15337,-1.0805537,1.4233232,-1.0332919,0.052830406,0.8204325,-0.06678565,-0.5653664
15371,-1.0803894,1.4560287,-1.0470514,0.06574917,0.82461905,-0.05874585,-0.5587749
15406,-1.0731297,1.4851968,-1.0613654,0.07596233,0.8296376,-0.052383427,-0.5506244
15441,-1.0592775,1.509258,-1.0758208,0.08518636,0.8352316,-0.04492189,-0.5413996
15476,-1.0402794,1.52809,-1.0893714,0.09261226,0.8401089,-0.03906223,-0.5330236
15510,-1.0161816,1.5397475,-1.102734,0.09783022,0.8444387,-0.042461753,-0.5249282
15545,-0.98775643,1.5439554,-1.1146508,0.10218337,0.8474197,-0.055380832,-0.5180457
15579,-0.95548236,1.5418197,-1.12602,0.09998454,0.8503703,-0.063672714,-0.51265895
15613,-0.92080027,1.5333169,-1.1350819,0.090078644,0.8511837,-0.064994596,-0.5129794
15648,-0.88307136,1.5183271,-1.1419946,0.083815716,0.84597206,-0.07420242,-0.52134454
15682,-0.8436674,1.4969758,-1.147284,0.0711022,0.8377465,-0.081156574,-0.53529334
15717,-0.79977256,1.4694362,-1.1519338,0.038006134,0.8278334,-0.07126935,-0.5551289
15752,-0.75387275,1.4377905,-1.1546667,0.014836706,0.81186616,-0.06952069,-0.57949984
15786,-0.7023779,1.4012115,-1.1574388,-0.02279433,0.7917896,-0.0689476,-0.60646176
15821,-0.64492,1.3624316,-1.1600113,-0.06410876,0.76565266,-0.07024527,-0.6361852
15857,-0.5802068,1.3226686,-1.164645,-0.11979333,0.7351458,-0.07769524,-0.6627018
15891,-0.5099197,1.2855022,-1.1695156,-0.17022023,0.7010065,-0.09504601,-0.68598926
15926,-0.43473932,1.2568398,-1.1742971,-0.21677254,0.6586249,-0.11230767,-0.71176535
15961,-0.35695246,1.235561,-1.1779773,-0.26072314,0.6096118,-0.11487739,-0.7397297
15996,-0.27870798,1.2252798,-1.1841668,-0.28561825,0.5548323,-0.12031151,-0.7720806
16030,-0.20263815,1.2251222,-1.1918916,-0.28869227,0.49522033,-0.16244538,-0.8031345
16065,-0.13009511,1.2350941,-1.2043228,-0.28887007,0.43832138,-0.16899538,-0.8341876
16100,-0.065583035,1.2541907,-1.2211424,-0.27185094,0.38265887,-0.12828474,-0.8736202
16134,-0.00685381,1.278379,-1.2433376,-0.24152327,0.32786068,-0.1178964,-0.90568995
16168,0.04375676,1.310595,-1.2651916,-0.21529107,0.27617228,-0.12056842,-0.92889285
16203,0.085455135,1.3496257,-1.2879571,-0.18707085,0.23368035,-0.12949665,-0.9453193
16238,0.12146997,1.3939399,-1.3107593,-0.15221769,0.1960624,-0.14764045,-0.9573879
16273,0.15144597,1.4425075,-1.3342893,-0.10985734,0.1599824,-0.16402791,-0.9671773
16308,0.17760907,1.4941438,-1.3599266,-0.05795686,0.11874686,-0.1754347,-0.9755833
16342,0.1986545,1.5436431,-1.3869457,-0.010334601,0.08216976,-0.18980101,-0.9783235
16377,0.21485056,1.5924046,-1.4165463,0.026551628,0.04922846,-0.2062789,-0.9768933
16411,0.22542022,1.6383331,-1.4449466,0.05757763,0.024246303,-0.23059331,-0.9710426
16445,0.23219334,1.6813195,-1.4759775,0.06262062,0.0035333696,-0.27107874,-0.96051157
16480,0.23520246,1.725798,-1.5098516,0.057746615,-0.017610803,-0.31672677,-0.9465935
16514,0.23270646,1.7697642,-1.546955,0.061812896,-0.04072072,-0.35919842,-0.93032116
16548,0.2244756,1.8134907,-1.5869114,0.07246053,-0.06694701,-0.39941677,-0.911446
16583,0.20905656,1.8566356,-1.6294444,0.087958276,-0.09333748,-0.44087577,-0.88835806
16617,0.18567887,1.8964316,-1.6721071,0.11163295,-0.11448383,-0.4756778,-0.8649637
16652,0.15639092,1.9306303,-1.7128623,0.14364754,-0.12694833,-0.503709,-0.8423341
16687,0.12268979,1.9597619,-1.7500745,0.1747145,-0.13817021,-0.5325999,-0.8165299
16722,0.08799484,1.983746,-1.781985,0.19969098,-0.14816815,-0.5641126,-0.7873669
16758,0.054792777,2.0037465,-1.8091512,0.21913256,-0.1551914,-0.5903317,-0.7611866
16793,0.02311798,2.0211558,-1.8319244,0.23768266,-0.1650423,-0.60815096,-0.73920256
16828,-0.0053145625,2.0372372,-1.8513526,0.25243723,-0.18047768,-0.62001777,-0.7206117
16862,-0.031070657,2.0510814,-1.8662171,0.26588377,-0.18879488,-0.625101,-0.70916224
16896,-0.05386624,2.063705,-1.8823079,0.27997452,-0.19470277,-0.6254363,-0.70180804
16931,-0.07468579,2.0760067,-1.8912406,0.2928309,-0.20416704,-0.6203588,-0.6983701
16966,-0.09379005,2.0872154,-1.8958268,0.30742794,-0.21222976,-0.6098367,-0.6989605
17000,-0.11055966,2.0970821,-1.8968374,0.32711625,-0.21333191,-0.59133714,-0.7055529
17035,-0.12669389,2.104185,-1.8884943,0.3414618,-0.204901,-0.56821376,-0.7201059
17070,-0.14299925,2.1079688,-1.8723251,0.3424141,-0.1888573,-0.5425934,-0.7434231
17104,-0.16107772,2.1087363,-1.8506021,0.337951,-0.16506444,-0.50933933,-0.77402604
17140,-0.18596953,2.1071486,-1.8233842,0.3414875,-0.12868378,-0.47756064,-0.7992262
17174,-0.21579939,2.106457,-1.799342,0.33973825,-0.0813756,-0.45298907,-0.82021755
17209,-0.25272703,2.1017034,-1.7683157,0.3214776,-0.040250164,-0.43209195,-0.8416226
17244,-0.29753545,2.0906854,-1.7424523,0.31342307,0.009201481,-0.40696993,-0.8579375
17279,-0.35105982,2.0810897,-1.7223301,0.31783044,0.07830952,-0.36940014,-0.86970973
17313,-0.4067842,2.0706034,-1.7084663,0.31421465,0.14406464,-0.33960718,-0.87474656
17348,-0.46623534,2.061721,-1.7020452,0.3083417,0.2079199,-0.31602043,-0.87282634
17382,-0.52384233,2.055495,-1.7040516,0.30133432,0.26900247,-0.28871718,-0.8680309
17416,-0.5818932,2.051483,-1.7142682,0.29885986,0.33610147,-0.25272077,-0.8566509
17451,-0.6366654,2.0483887,-1.7323229,0.29564846,0.4068399,-0.21206677,-0.83791465
17485,-0.6844849,2.045074,-1.7544186,0.29062998,0.4694559,-0.17487513,-0.81520796
17519,-0.7288299,2.0396938,-1.759848,0.28435645,0.5269933,-0.1451977,-0.7876148
17554,-0.7664769,2.0344658,-1.7872037,0.2753292,0.5836429,-0.116283335,-0.7550053
17589,-0.796674,2.0309105,-1.8157201,0.26532218,0.62808627,-0.093611635,-0.7254989
17624,-0.8194134,2.025489,-1.8419166,0.25540906,0.66304487,-0.08699154,-0.6982623
17659,-0.8339901,2.0198636,-1.8611047,0.25010338,0.69135606,-0.08339558,-0.67269623
17693,-0.84142435,2.0163925,-1.8753079,0.24411292,0.7092911,-0.079770304,-0.6564691
17728,-0.8420689,2.0133884,-1.882612,0.2410116,0.7161101,-0.085266866,-0.64948386
17763,-0.8360484,2.0112538,-1.8823687,0.23809092,0.7174195,-0.093840316,-0.64793205
17797,-0.82360345,2.0106337,-1.8745596,0.23539445,0.7089498,-0.106181815,-0.65628123
17832,-0.803253,2.011718,-1.8586242,0.2344484,0.69181436,-0.118802726,-0.672542
17866,-0.77475053,2.013386,-1.836505,0.22953774,0.66895086,-0.12974137,-0.6949708
17901,-0.73696524,2.0163677,-1.8095934,0.22373569,0.6373299,-0.13749412,-0.7244642
17935,-0.6899247,2.020549,-1.7798855,0.21979713,0.594653,-0.14807978,-0.75904506
17971,-0.63266957,2.0246892,-1.7485172,0.21360806,0.5448044,-0.15676525,-0.79560316
18005,-0.56575936,2.0288272,-1.7195752,0.20936812,0.49392396,-0.14851426,-0.83075124
18041,-0.4891501,2.030733,-1.6922188,0.21248531,0.42999545,-0.14022104,-0.86619395
18074,-0.4078823,2.0293632,-1.6700205,0.21370177,0.3584242,-0.13266492,-0.89903486
18109,-0.32033807,2.0234723,-1.6526603,0.21375641,0.28612924,-0.11209494,-0.92729336
18143,-0.23329833,2.0131812,-1.6408721,0.21256003,0.20657775,-0.094073,-0.9504179
18177,-0.14769188,1.9979115,-1.6351014,0.20696495,0.12543324,-0.08129626,-0.96686244
18212,-0.06921711,1.9798198,-1.6328402,0.2001555,0.05684743,-0.062084228,-0.9761412
18246,-7.26324E-4,1.9605547,-1.6343312,0.1852247,-0.008317908,-0.059201162,-0.9808761
18281,0.05801987,1.9438345,-1.6365626,0.17492865,-0.057135474,-0.052041396,-0.9815433
18317,0.10815746,1.9295374,-1.6388358,0.17414969,-0.093312964,-0.041265268,-0.9794191
18350,0.152386,1.9154989,-1.6383649,0.17681706,-0.12385782,-0.035276275,-0.97578204
18385,0.19269031,1.9024651,-1.641501,0.17565887,-0.15528966,-0.037452087,-0.9714044
18420,0.2244577,1.891609,-1.6311411,0.17306392,-0.16855381,-0.04230302,-0.96945804
18454,0.2523502,1.882049,-1.6175811,0.18122649,-0.17053697,-0.048181165,-0.9673431
18489,0.2782698,1.8694153,-1.6005918,0.1789337,-0.17247182,-0.06209188,-0.96663374
18524,0.300646,1.8540817,-1.5771612,0.1759448,-0.16484596,-0.08175467,-0.96704984
18559,0.31983837,1.8330384,-1.5491078,0.16889457,-0.14900516,-0.096458904,-0.9695194
18594,0.3367438,1.8073487,-1.5194291,0.16057223,-0.1313914,-0.11044094,-0.9719854
18629,0.35034922,1.7762855,-1.4874704,0.1538808,-0.1119744,-0.1183782,-0.9745609
18663,0.3580894,1.7401997,-1.4544898,0.15619442,-0.0879015,-0.1155984,-0.97699213
18697,0.3580641,1.6994293,-1.4214429,0.14808284,-0.05410745,-0.10947988,-0.98140615
18732,0.3527427,1.6547582,-1.3909868,0.13345526,-0.021531943,-0.10447434,-0.9852975
18767,0.3379674,1.6095217,-1.363269,0.11869681,0.014763938,-0.107786216,-0.9869525
18802,0.3139442,1.5638859,-1.336439,0.11392881,0.058765143,-0.08684066,-0.9879401
18836,0.28478628,1.5218893,-1.3099293,0.10572876,0.098734595,-0.07138171,-0.986903
18871,0.24876298,1.4824997,-1.2836587,0.09573874,0.14422847,-0.052222848,-0.98351663
18906,0.20454212,1.4504299,-1.2555013,0.07887542,0.19053622,-0.041758377,-0.9776149
18940,0.15702157,1.4269633,-1.2304376,0.061983276,0.24337706,-0.034906555,-0.9673196
18974,0.107478626,1.4129128,-1.2070042,0.050206963,0.29739437,-0.037331097,-0.9527026
19009,0.058376543,1.4094664,-1.1848876,0.040424637,0.34666318,-0.045740638,-0.93600124
19043,0.013772029,1.4156864,-1.1649976,0.04583369,0.39220166,-0.04261216,-0.917748
19079,-0.026872637,1.4293176,-1.1424711,0.05475862,0.43447918,-0.03888023,-0.89817464
19114,-0.060837556,1.4479339,-1.1192983,0.06642774,0.4653641,-0.04494813,-0.8814779
19149,-0.090239435,1.4705762,-1.0948471,0.083038814,0.48946023,-0.051838078,-0.8665137
19183,-0.11563421,1.4943914,-1.0705662,0.097225636,0.51286286,-0.054973017,-0.8511738
19217,-0.1367566,1.5180395,-1.0455469,0.10709808,0.5304532,-0.06144312,-0.838674
19252,-0.15440023,1.5417917,-1.0171723,0.11832407,0.54226613,-0.07129368,-0.8287726
19287,-0.16683444,1.5650449,-0.98585886,0.12265695,0.551637,-0.06996707,-0.82204413
19323,-0.17280565,1.5882239,-0.95178986,0.12912975,0.55419856,-0.06347306,-0.819854
19358,-0.17137173,1.6114352,-0.9162649,0.13348924,0.54725283,-0.059583787,-0.8241024
19393,-0.16162239,1.6352562,-0.88168156,0.14346524,0.5330971,-0.06125331,-0.8315487
19428,-0.14335565,1.6594709,-0.84947026,0.15513298,0.51386195,-0.064097255,-0.84129137
19462,-0.11668681,1.6829051,-0.8184099,0.16875508,0.4869014,-0.07173799,-0.85399204
19497,-0.08215191,1.7035302,-0.7875274,0.1802351,0.44861004,-0.08901726,-0.8708273
19532,-0.041801248,1.7206175,-0.75761473,0.18322045,0.4080723,-0.099505916,-0.88882273
19566,0.0020813444,1.7330091,-0.7270233,0.18314937,0.37088272,-0.09587748,-0.9053783
19602,0.049927905,1.7393396,-0.69587505,0.18224834,0.3284216,-0.091136634,-0.92229
19636,0.09841202,1.7381809,-0.66379243,0.17873982,0.28135356,-0.08732085,-0.9387584
19670,0.14480281,1.7280937,-0.632796,0.16898228,0.23299251,-0.087042026,-0.9537207
19705,0.187756,1.7089626,-0.5999945,0.1527295,0.18896358,-0.09588907,-0.9652833
19739,0.22461763,1.6810977,-0.56690127,0.12985666,0.15566668,-0.104517646,-0.97364324
19774,0.25613672,1.6453251,-0.5317702,0.10043976,0.12799878,-0.11014791,-0.98050785
19809,0.27972224,1.6035527,-0.49560827,0.07696074,0.11304019,-0.10707983,-0.98480093
19844,0.29445156,1.5571308,-0.45670983,0.051718418,0.106922045,-0.09629471,-0.98824096
19879,0.29746994,1.5076371,-0.41610366,0.033129312,0.11411901,-0.08559402,-0.98921835
19913,0.28952578,1.4578738,-0.37516677,0.012896311,0.12981729,-0.07160905,-0.98886466
19947,0.26911083,1.4089355,-0.33139485,-0.013736093,0.15756747,-0.057966847,-0.9857097
19982,0.23532179,1.363557,-0.28627142,-0.043799024,0.1999549,-0.063452564,-0.9767668
20016,0.19192266,1.3278949,-0.24502322,-0.07137641,0.24831188,-0.07691068,-0.96298045
20051,0.13890506,1.305446,-0.2057944,-0.08001504,0.3001817,-0.075225666,-0.94753873
20086,0.08008865,1.2956542,-0.1737554,-0.07938893,0.36026517,-0.06818906,-0.926961
20120,0.020556416,1.3002998,-0.14486586,-0.07411406,0.4125833,-0.07486192,-0.90480816
20155,-0.03838452,1.3178021,-0.119279414,-0.06739024,0.46237105,-0.07460747,-0.8809684
20189,-0.09246117,1.3467689,-0.095989585,-0.052901413,0.50712574,-0.058954466,-0.8582245
20224,-0.13874911,1.3855842,-0.07136403,-0.036131714,0.53922683,-0.060442973,-0.8392113
20259,-0.1763281,1.431043,-0.047247328,-0.01870423,0.5639288,-0.065034054,-0.8230462
20295,-0.20344186,1.4812181,-0.022184795,0.0072496408,0.58083934,-0.058046166,-0.8119136
20328,-0.21869841,1.5312709,0.0015665652,0.031837955,0.5857793,-0.058550835,-0.80772567
20363,-0.22370213,1.5812666,0.02757885,0.058129817,0.5822971,-0.060243156,-0.8086543
20398,-0.21927755,1.6270823,0.056237005,0.08464165,0.56950194,-0.06506196,-0.8150278
20433,-0.20747302,1.6679987,0.09074328,0.10754233,0.5461855,-0.074110396,-0.82741994
20468,-0.18734992,1.7011539,0.12270157,0.13083185,0.51812017,-0.078217745,-0.84161544
20502,-0.16256484,1.7248043,0.15500653,0.14913829,0.4858705,-0.07759983,-0.85770965
20537,-0.13225517,1.7392771,0.18745469,0.16015081,0.44713342,-0.07488522,-0.87682134
20572,-0.10124324,1.7445741,0.21798788,0.16860217,0.40738684,-0.072668836,-0.8946108
20606,-0.06993209,1.7413723,0.24809255,0.17523205,0.36881074,-0.07071016,-0.91009474
20640,-0.04024746,1.7277117,0.27718484,0.17493044,0.32963175,-0.06928809,-0.925171
20675,-0.0127797285,1.7044486,0.30903262,0.16225007,0.28708547,-0.08340685,-0.94037235
20710,0.010546912,1.6744202,0.3421409,0.13773885,0.25039768,-0.1009207,-0.9529659
20743,0.028799456,1.6396977,0.37504336,0.1026745,0.22682507,-0.11035131,-0.96220106
20778,0.04312072,1.6016206,0.40841964,0.05392099,0.20964988,-0.11641909,-0.96932244
20813,0.052982043,1.5614395,0.4430482,0.0069707367,0.19693229,-0.12078138,-0.97292393
20848,0.05761287,1.5235249,0.47821116,-0.036931988,0.18871033,-0.11809086,-0.97420686
20883,0.055036698,1.4883101,0.5129561,-0.07542524,0.18583906,-0.1145223,-0.9729643
20918,0.044282172,1.4575859,0.5470906,-0.10476785,0.18835251,-0.11866822,-0.96926
20953,0.025225753,1.4320023,0.58309376,-0.13165626,0.20038235,-0.12005507,-0.9633796
20986,-0.0033649323,1.4114536,0.62143254,-0.13843684,0.2173714,-0.113761835,-0.9595015
21021,-0.043114234,1.3940552,0.66265035,-0.13887756,0.2469518,-0.108519174,-0.9528648
21056,-0.09100658,1.3814474,0.7007749,-0.13399835,0.2800139,-0.11532628,-0.94357646
21091,-0.14699964,1.3707738,0.7392009,-0.12235785,0.31952047,-0.121777095,-0.9317218
21125,-0.20804146,1.3604013,0.77178997,-0.11632021,0.3624506,-0.12878813,-0.9157034
21160,-0.27554625,1.3522993,0.8012412,-0.115272865,0.40836835,-0.14257415,-0.8942148
21195,-0.34666383,1.3504305,0.8259903,-0.106940195,0.45744562,-0.16511726,-0.8672045
21230,-0.41940883,1.3604212,0.84708077,-0.09088713,0.5033574,-0.1860548,-0.83890074
21266,-0.48961243,1.3799059,0.86011547,-0.07515211,0.5468794,-0.19083026,-0.81170124
21300,-0.554267,1.4118207,0.86763114,-0.052325424,0.58622175,-0.18925196,-0.785996
21335,-0.6131837,1.4538335,0.87452585,-0.02618785,0.6162446,-0.18500394,-0.7650688
21370,-0.66446406,1.5053957,0.8809249,-0.0018018513,0.6388043,-0.17102762,-0.7501169
21406,-0.7056397,1.5599468,0.8876438,0.024381183,0.65392375,-0.15735047,-0.73961484
21439,-0.73775506,1.6195608,0.89898205,0.05025606,0.6558465,-0.15487562,-0.73712504
21474,-0.7611562,1.6777486,0.9172624,0.07627046,0.6508468,-0.15652688,-0.73897266
21509,-0.76879644,1.7220142,0.91427964,0.10390024,0.6342561,-0.16452797,-0.7482342
21543,-0.7689671,1.7705884,0.92366594,0.13299488,0.61308724,-0.1664137,-0.7607515
21578,-0.76076853,1.8171002,0.93797356,0.15823592,0.588215,-0.16309206,-0.7761221
21613,-0.74270743,1.857237,0.9547604,0.18143448,0.5526299,-0.17321147,-0.7947827
21647,-0.7161759,1.89219,0.9775969,0.19981664,0.5032896,-0.19541393,-0.81767124
21682,-0.6836574,1.9222345,0.9984176,0.22068179,0.4477231,-0.21552446,-0.83928114
21716,-0.64323694,1.9445329,1.017625,0.2280315,0.39137137,-0.22649084,-0.862283
21751,-0.5938464,1.9587294,1.029124,0.21921988,0.3335159,-0.23131098,-0.8872458
21785,-0.5400126,1.9677776,1.0361525,0.21884097,0.27943024,-0.22791521,-0.9066874
21820,-0.48081276,1.9708359,1.0394113,0.21821883,0.22335915,-0.22284429,-0.92348886
21855,-0.42290747,1.9683877,1.0441124,0.21404226,0.17443405,-0.20171097,-0.9397188
21890,-0.36815524,1.9604373,1.0509883,0.2076277,0.12938859,-0.17455697,-0.95377105
21925,-0.3169291,1.9465257,1.0518364,0.19353731,0.08301121,-0.14812087,-0.9662881
21959,-0.27695674,1.9327939,1.0511659,0.18192485,0.05389092,-0.10671696,-0.9760177
21994,-0.24745885,1.9212626,1.0475794,0.18279822,0.030159984,-0.07387994,-0.9799066
22029,-0.23322687,1.9156669,1.0463414,0.1890499,0.015840732,-0.048330132,-0.9806495
22064,-0.23246607,1.9186414,1.0466886,0.19054805,0.012119455,-0.038688716,-0.9808403
22098,-0.24519685,1.9327484,1.0476589,0.19924499,0.024745606,-0.031752877,-0.97912246
22133,-0.27162883,1.9574463,1.0484921,0.21796863,0.048366345,-0.030366447,-0.97428346
22167,-0.31039587,1.9861604,1.0490925,0.23920925,0.084493384,-0.033806827,-0.9666938
22202,-0.36246413,2.0146446,1.0473868,0.2577181,0.13524514,-0.04672198,-0.9555664
22237,-0.42335755,2.036099,1.0421593,0.26938152,0.19427814,-0.06948438,-0.9406708
22272,-0.48635045,2.0479546,1.0330541,0.27134517,0.2554619,-0.09594667,-0.92298716
22305,-0.5495205,2.0459137,1.0227913,0.26028776,0.31463832,-0.12655891,-0.90401095
22340,-0.61293525,2.0312839,1.0095114,0.25243822,0.37485406,-0.1560688,-0.8782949
22375,-0.66823953,2.0028272,0.99371624,0.25014067,0.42845002,-0.19204508,-0.8467461
22410,-0.7139616,1.9617925,0.97659564,0.23710543,0.48222655,-0.21842012,-0.81457424
22445,-0.75200737,1.9101743,0.95725715,0.22093566,0.5426752,-0.21728608,-0.7806906
22480,-0.7818772,1.846708,0.93803215,0.2046071,0.5990969,-0.22088389,-0.7419091
22514,-0.7998673,1.7745973,0.913521,0.17302789,0.6565902,-0.21957086,-0.70052785
22548,-0.8032644,1.700049,0.89269763,0.13690259,0.6989953,-0.20996065,-0.66976094
22583,-0.79648703,1.619252,0.88152754,0.09136856,0.72260445,-0.20938893,-0.6524192
22617,-0.77903396,1.5438098,0.87362033,0.037819836,0.74316365,-0.19798116,-0.6380289
22652,-0.75188005,1.4744344,0.87563705,-0.019040873,0.7496758,-0.17751282,-0.63726985
22687,-0.7155697,1.4098597,0.8949207,-0.06991893,0.7396146,-0.17236228,-0.64681745
22722,-0.6675768,1.3586968,0.92241025,-0.12753928,0.709122,-0.1894432,-0.6670764
22757,-0.6053712,1.3275851,0.95991606,-0.16488785,0.660161,-0.2020816,-0.70438796
22792,-0.5346,1.3210796,0.9985602,-0.19917321,0.6014247,-0.21662262,-0.7427604
22828,-0.45698556,1.3404236,1.0343673,-0.21200083,0.53736883,-0.20440271,-0.7902594
22863,-0.38289168,1.3807331,1.0564119,-0.19716191,0.47548574,-0.19124742,-0.8357421
22898,-0.3116939,1.4352232,1.0645562,-0.16820005,0.41794154,-0.17899685,-0.8746392
22932,-0.25260872,1.5038155,1.0624149,-0.12696564,0.3685975,-0.16174062,-0.9065625
22967,-0.20407669,1.5818928,1.044192,-0.065504044,0.33082205,-0.14441794,-0.9302739
23003,-0.16731517,1.6628597,1.0169185,0.0037533476,0.29980576,-0.129591,-0.94515
23038,-0.13591897,1.7372637,0.9700994,0.079571925,0.27853084,-0.11001453,-0.95078164
23073,-0.11981131,1.8037544,0.92099124,0.14801244,0.26714918,-0.09393501,-0.94757575
23107,-0.11305677,1.862109,0.8649465,0.21121807,0.26148656,-0.08483891,-0.93798405
23143,-0.11366098,1.9075531,0.80386865,0.2711901,0.2635663,-0.07419478,-0.9227588
23177,-0.12111633,1.9406475,0.745422,0.32876605,0.27579564,-0.06392351,-0.90097916
23211,-0.13406092,1.9611908,0.6916368,0.37556988,0.28352803,-0.060959816,-0.8802517
23246,-0.15350096,1.9723665,0.6419939,0.40698442,0.29386204,-0.0629033,-0.8625845
23280,-0.18053415,1.9742013,0.59918493,0.4231395,0.31528226,-0.062247556,-0.8471572
23315,-0.21463257,1.9675586,0.5598841,0.42611676,0.34465685,-0.061789073,-0.8341572
23349,-0.25361094,1.952996,0.523942,0.41659385,0.38102472,-0.06003063,-0.82320476
23383,-0.29717708,1.9305209,0.48834795,0.40224192,0.42477217,-0.052484844,-0.8093302
23418,-0.34553516,1.8984402,0.4499309,0.38056692,0.47955614,-0.041044887,-0.78962654
23453,-0.39524794,1.8574815,0.41044503,0.34712902,0.53526175,-0.036622196,-0.7691912
23489,-0.44512907,1.8091996,0.37345138,0.29958907,0.59372723,-0.033846635,-0.74604875
23523,-0.48976013,1.7523731,0.33844098,0.23610285,0.64396125,-0.036687206,-0.72678983
23557,-0.52424777,1.6909156,0.30039513,0.17137694,0.6895889,-0.025968742,-0.703152
23592,-0.54749787,1.6239655,0.26145664,0.11380827,0.72522134,-0.006779663,-0.67901087
23627,-0.5585585,1.5510756,0.22532271,-0.049196992,-0.74443495,-0.001203865,0.665879
23662,-0.55820835,1.4746059,0.19161129,0.014228734,-0.75048053,-0.0049511134,0.6607208
23696,-0.54707474,1.4001215,0.15991004,0.072825,-0.7473094,-0.017897384,0.66023093
23731,-0.526256,1.3272012,0.13570255,0.13388298,-0.73078877,-0.043883532,0.6679052
23766,-0.49786988,1.2587615,0.11046524,0.1899203,-0.70306075,-0.06680169,0.6820362
23801,-0.46234798,1.1944367,0.08795669,0.24169064,-0.6697594,-0.07919476,0.6976648
23836,-0.42126882,1.1381068,0.069369994,0.2891396,-0.63480353,-0.0757702,0.71251786
23871,-0.37532282,1.091709,0.05870579,0.3188355,-0.5986604,-0.06018013,0.73234415
23906,-0.32407734,1.0566666,0.054522905,0.34389454,-0.5565653,-0.044978123,0.7549494
23941,-0.26950344,1.0349443,0.055043396,0.35777053,-0.5056494,-0.051122967,0.7833935
23975,-0.21163857,1.0239995,0.057567637,0.3569644,-0.44985396,-0.058603253,0.816562
24010,-0.14767009,1.0199412,0.058213666,0.35208383,-0.3818124,-0.06991027,0.8516859
24045,-0.083079554,1.0245924,0.052051786,0.33543897,-0.31224757,-0.09318327,0.8839112
24078,-0.01850171,1.0358322,0.038335625,0.3189117,-0.24605857,-0.09646551,0.9101895
24112,0.04153222,1.0562814,0.021119876,0.30304372,-0.18728222,-0.094745144,0.92957693
24147,0.095458515,1.0871372,-5.6685955E-4,0.2764709,-0.14312378,-0.09256522,0.945786
24181,0.14065914,1.1266863,-0.021395983,0.2478124,-0.11169704,-0.08162324,0.95887977
24216,0.17878947,1.1757026,-0.044121888,0.21556626,-0.08598662,-0.074481145,0.9698402
24250,0.2088389,1.2305666,-0.06766251,0.17468806,-0.06873723,-0.073132485,0.9794952
24285,0.23268922,1.2902237,-0.092631,0.13252428,-0.058306657,-0.06836714,0.9870986
24319,0.25221983,1.3540126,-0.12197581,0.08502526,-0.050862346,-0.05422733,0.9936011
24353,0.26416326,1.4183259,-0.15388747,0.03755093,-0.05117893,-0.034592636,0.9973836
24388,0.27623972,1.4780163,-0.19885045,-0.0040127714,-0.058921654,-0.0058994126,0.99823713
24423,0.27848044,1.5381027,-0.24272335,0.043679323,0.062086884,-0.02158783,-0.99688077
24457,0.2758903,1.5932257,-0.2907439,0.08679725,0.060872793,-0.04463334,-0.99336225
24492,0.26825374,1.6428599,-0.343395,0.12672038,0.056621198,-0.069173455,-0.98790234
24526,0.25391424,1.6871953,-0.39889696,0.16362989,0.05467513,-0.091140665,-0.98077995
24562,0.23178686,1.7259371,-0.45603678,0.21315801,0.058372054,-0.10591675,-0.969504
24596,0.20263802,1.7563044,-0.51236624,0.25276744,0.062068477,-0.11957167,-0.95810163
24630,0.16686459,1.7771086,-0.565013,0.2808273,0.0724199,-0.12734793,-0.9485114
24664,0.12636022,1.7905294,-0.6132231,0.30045766,0.09398365,-0.13422427,-0.9396149
24698,0.082502596,1.7955333,-0.65548724,0.30746713,0.118285835,-0.15088257,-0.93204445
24733,0.03565477,1.791984,-0.6909056,0.2984154,0.1415213,-0.17627399,-0.9272796
24768,-0.012688519,1.7821115,-0.7200983,0.28463036,0.17757702,-0.19388178,-0.92187953
24803,-0.06084603,1.7672551,-0.7441185,0.27211392,0.22243403,-0.20344704,-0.91383064
24838,-0.10628056,1.7463839,-0.7639744,0.2583266,0.2605592,-0.20418973,-0.9075697
24872,-0.14845823,1.7210693,-0.7818828,0.2474413,0.30229193,-0.19082323,-0.9005437
24906,-0.1899212,1.6898977,-0.79672784,0.22562999,0.3470659,-0.17798173,-0.8927255
24941,-0.22870153,1.6536324,-0.8123063,0.19093785,0.3861283,-0.19067156,-0.8820952
24976,-0.262225,1.6156173,-0.8280562,0.16377261,0.4204093,-0.20173948,-0.86933064
25011,-0.28962204,1.5766613,-0.84452415,0.13831902,0.45745876,-0.19349281,-0.8568313
25046,-0.3121941,1.5375701,-0.86070186,0.11150536,0.49336144,-0.16502191,-0.84671646
25080,-0.32892007,1.4967458,-0.8749703,0.09117462,0.51959395,-0.14540328,-0.83699894
25116,-0.3403351,1.4529926,-0.8890029,0.055868477,0.541028,-0.13474025,-0.8282587
25150,-0.3463369,1.4109108,-0.9024245,0.03364866,0.5548747,-0.11904608,-0.8226845
25185,-0.34704253,1.3679905,-0.91445655,0.004379842,0.56389004,-0.11050875,-0.81841105
25221,-0.34379613,1.326878,-0.9248336,-0.021933155,0.5684256,-0.097045,-0.8166967
25255,-0.336088,1.2885541,-0.9337563,-0.043148883,0.5662726,-0.085679516,-0.8186162
25290,-0.32407242,1.2522931,-0.94031054,-0.06930295,0.5545563,-0.08138641,-0.8252519
25324,-0.3083467,1.2203218,-0.9454794,-0.09932519,0.53802615,-0.07960508,-0.8332619
25359,-0.2878535,1.1922683,-0.9501584,-0.13518062,0.5193618,-0.078521244,-0.8401333
25394,-0.2623071,1.1705896,-0.9526091,-0.16790736,0.4972383,-0.08949865,-0.8464935
25428,-0.23210038,1.154534,-0.9525139,-0.1961195,0.47069833,-0.09990638,-0.85439974
25463,-0.19410926,1.1434325,-0.9515518,-0.22663838,0.43412364,-0.11774758,-0.86389077
25498,-0.15237248,1.1407974,-0.951498,-0.2449023,0.39221275,-0.12872629,-0.8772808
25533,-0.107191734,1.1439439,-0.9556367,-0.25790292,0.3412108,-0.12768435,-0.8948508
25568,-0.06197187,1.153953,-0.9664023,-0.26675338,0.28386784,-0.130092,-0.91177726
25602,-0.020336404,1.1704733,-0.9834195,-0.26707885,0.22906137,-0.13367315,-0.9264617
25637,0.01828118,1.1918845,-1.0085917,-0.26504272,0.17055675,-0.13456383,-0.9394442
25672,0.05275658,1.2168324,-1.0406905,-0.2660401,0.10897713,-0.13335688,-0.9484528
25707,0.08212259,1.2454697,-1.0766203,-0.26959407,0.047982406,-0.13556872,-0.9521753
25742,0.107049175,1.2778355,-1.1143862,-0.26411697,-0.016330177,-0.13816358,-0.9544037
25777,0.12722082,1.3118598,-1.1534941,-0.25395066,-0.0800578,-0.13515083,-0.9543763
25812,0.14345177,1.3459876,-1.1950471,-0.23784089,-0.1443946,-0.12631792,-0.95216894
25847,0.15606311,1.378538,-1.2377654,-0.21673308,-0.21160722,-0.12205051,-0.94517344
25881,0.16284877,1.4070288,-1.2820673,-0.18996346,-0.2748368,-0.112780854,-0.9357666
25916,0.16272162,1.431352,-1.3226472,-0.16021109,-0.33296812,-0.094742075,-0.9243855
25950,0.1591064,1.4461379,-1.3654077,-0.13257633,-0.38411358,-0.074126095,-0.9107061
25984,0.15262865,1.4547734,-1.4068624,-0.11235602,-0.43190795,-0.056217544,-0.8931244
26019,0.14414415,1.4554108,-1.4506274,-0.08612894,-0.4776556,-0.03588147,-0.87357855
26054,0.13274708,1.4496155,-1.4882524,-0.058355164,-0.521161,-0.0046264627,-0.8514484
26088,0.119110234,1.439079,-1.5151217,0.036028784,0.55967504,-0.023614682,0.8275918
26123,0.10552572,1.4243978,-1.5365739,0.019390898,0.58926713,-0.046468116,0.80636775
26157,0.09414351,1.4068868,-1.5524956,0.0067617614,0.6110015,-0.07063026,0.78844327
26192,0.084946044,1.3912388,-1.5579119,0.010194072,0.6252306,-0.08199873,0.7760535
26226,0.07883103,1.3756005,-1.5557922,0.023555534,0.63490415,-0.08948284,0.76702976
26261,0.07666527,1.3643736,-1.5427437,0.029576661,0.6361509,-0.09958083,0.7645397
26297,0.07825705,1.3579607,-1.5184578,0.032546673,0.62736917,-0.10270533,0.77123296
26331,0.08276928,1.3552004,-1.4848201,0.04612286,0.6060042,-0.09964094,0.7878473
26365,0.0890221,1.3564286,-1.4421533,0.054227438,0.5712299,-0.09916111,0.81297165
26399,0.09315998,1.3612885,-1.3906556,0.06490852,0.5297373,-0.092895254,0.8405568
26433,0.093427904,1.3712686,-1.3312687,0.0729373,0.48029715,-0.0857396,0.8698526
26468,0.08932287,1.3877094,-1.2677134,0.062452782,0.42588866,-0.080694936,0.89900327
26503,0.07986253,1.408885,-1.2060807,0.04905145,0.37750864,-0.06896751,0.9221305
26538,0.06465924,1.4336758,-1.1454941,0.032885257,0.3268465,-0.05797358,0.9427242
26573,0.042469572,1.462249,-1.0848272,0.019323366,0.2769548,-0.049171817,0.9594294
26607,0.0152276745,1.4916155,-1.0319527,0.007002044,0.2313619,-0.035624467,0.9721901
26643,-0.017313812,1.5211103,-0.9829822,-0.007208482,0.1843878,-0.023321442,0.9825504
26677,-0.05086147,1.5490288,-0.9433647,-0.01688917,0.14470157,-0.008713988,0.9892928
26712,-0.08571051,1.5752611,-0.910885,0.024428677,-0.11044275,-0.010158308,-0.9935303
26747,-0.12188552,1.6009884,-0.8820424,0.032731526,-0.07852895,-0.029420085,-0.9959399
26782,-0.15811618,1.6234087,-0.8576571,0.046371914,-0.045721065,-0.045935947,-0.9968195
26816,-0.1951986,1.6415389,-0.83520794,0.059249416,-0.009096734,-0.06197132,-0.9962762
26851,-0.2328512,1.6526822,-0.8134478,0.06584372,0.030804072,-0.07922612,-0.9942027
26886,-0.26868775,1.654826,-0.79397804,0.060219795,0.07057548,-0.100938655,-0.99055743
26921,-0.2996454,1.6486288,-0.77680564,0.039743707,0.0975076,-0.12067453,-0.9870919
26957,-0.3250787,1.6372396,-0.7620146,0.018939951,0.112138405,-0.13811381,-0.98386526
26990,-0.34855062,1.6219255,-0.7484667,0.010374713,0.13409132,-0.14364739,-0.98044753
27025,-0.3707066,1.5998584,-0.73662525,-0.010286681,0.17463082,-0.1449611,-0.97385037
27060,-0.38490918,1.5740602,-0.7279109,-0.040931966,0.19321443,-0.16101995,-0.9669878
27093,-0.396469,1.5476778,-0.7214225,-0.05781014,0.20951909,-0.17120077,-0.9609631
27128,-0.40619245,1.5175352,-0.71883696,-0.08229741,0.23838839,-0.16380341,-0.953712
27162,-0.41004378,1.4868926,-0.71926045,-0.10773463,0.25043944,-0.17426166,-0.9462062
27197,-0.41347268,1.4561031,-0.72357947,-0.127529,0.27033362,-0.17447963,-0.93819666
27232,-0.41394868,1.4239622,-0.7301647,-0.1446243,0.28995487,-0.16026334,-0.9323763
27267,-0.40924004,1.3894651,-0.74215364,-0.17226718,0.301802,-0.15953484,-0.9240066
27301,-0.396814,1.3538506,-0.7615498,-0.21007437,0.30845246,-0.16566138,-0.91284287
27336,-0.37659866,1.3218799,-0.7788458,-0.24771255,0.30282643,-0.16299929,-0.9057405
